<?xml version="1.0" encoding="UTF-8"?>
<!DOCTYPE mapper PUBLIC "-//mybatis.org//DTD Mapper 3.0//EN" "http://mybatis.org/dtd/mybatis-3-mapper.dtd" >

<mapper namespace="egovframework.example.sample.service.impl.EmpMapper">

	<select id="selectEmpList" resultType="hashmap">
			SELECT B.* FROM (
				SELECT A.*, ROWNUM RN  FROM (
					SELECT 	 EMPNO
							,ENAME
							,JOB
							,MGR
							,TO_CHAR(HIREDATE,'YYYY.MM.DD') HIREDATE 
							,DEPTNO
							,(SELECT DNAME FROM DEPT WHERE DEPTNO=EMP.DEPTNO) DNAME 
					  FROM 
					  		EMP ) A ) B
			WHERE 
				RN BETWEEN #{firstIndex} AND #{lastIndex}
	</select>
	
	<select id="selectEmpTotal" resultType="int">
		SELECT COUNT(*) FROM EMP
	</select>
	
	<select id="selectEmpnoNew" resultType="int">
		SELECT NVL(MAX(EMPNO),1000)+1 FROM EMP
	</select>
	
	<select id="selectEmpJobList" resultType="hashmap">
		SELECT DISTINCT(JOB) JOB FROM EMP
	</select>
	
	<select id="selectEmpMgrList" resultType="hashmap">
		SELECT EMPNO,ENAME FROM EMP
								WHERE JOB='MANAGER'
	</select>
	
	
	<insert id="insertEmp">
		INSERT INTO EMP ( EMPNO
						 ,ENAME
						 ,JOB
						 ,MGR
						 ,HIREDATE
						 ,SAL
						 ,COMM
						 ,DEPTNO ) 
			VALUES(  '${empno}'
					,'${ename}'
					,'${job}'
					,'${mgr}'
					,'${hiredate}'
					,'${sal}'
					,'${comm}'
					,'${deptno}' )
	</insert>	



</mapper>







